﻿<?xml version="1.0" encoding="utf-8" ?>
<数据库类型定义>
  <Type name ="Oracle_10g,Oracle_9i">
    <DBTypeCode>Oracle</DBTypeCode>
    <ProviderName>System.Data.OracleClient</ProviderName>
    <ConnectionStringFormat>
      <![CDATA[Server={0}/{1};User ID={2};Password={3};]]>
    </ConnectionStringFormat>
    <ConnectionStringParams>
      <Param>IP</Param>
      <Param>数据库名</Param>
      <Param>用户名</Param>
      <Param>密码</Param>
    </ConnectionStringParams>
    <Demo>
      <![CDATA[
        <连接 name="默认">
          <数据库类型>Oracle_10g</数据库类型>
          <连接信息>
            <IP>32.95.20.170</IP>
            <数据库名>bras</数据库名>
            <用户名>bras</用户名>
            <密码>bras</密码>
          </连接信息>
        </连接>
      ]]>
    </Demo>
  </Type>
  <Type name ="DB2_V9,DB2_V8">
    <DBTypeCode>DB2</DBTypeCode>
    <ProviderName>IBM.Data.DB2</ProviderName>
    <ConnectionStringFormat>
      <![CDATA[Database=BRAS;User ID=bras;Password=bras;Server=9.68.0.41:50000;Persist Security Info=True;]]>
    </ConnectionStringFormat>
    <ConnectionStringParams>
      <Param>数据库名</Param>
      <Param>用户名</Param>
      <Param>密码</Param>
      <Param>IP</Param>
      <Param>端口</Param>
    </ConnectionStringParams>
    <Demo>
      <![CDATA[
        <连接 name="默认">
          <数据库类型>DB2</数据库类型>
          <连接信息>
            <数据库名>bras</数据库名>
            <用户名>bras</用户名>
            <密码>bras</密码>
            <IP>9.68.0.41</IP>
            <端口>50000</端口>
          </连接信息>
        </连接>
      ]]>
    </Demo>
  </Type>
  <Type name ="MySQL">
    <DBTypeCode>MySQL</DBTypeCode>
    <ProviderName>MySql.Data.MySqlClient</ProviderName>
    <ConnectionStringFormat>
      <![CDATA[server={0};uid={1};pwd={2};database={3}]]>
    </ConnectionStringFormat>
    <ConnectionStringParams>
      <Param>IP</Param>
      <Param>用户名</Param>
      <Param>密码</Param>
      <Param>数据库名</Param>
    </ConnectionStringParams>
    <Demo>
      <![CDATA[
        <连接 name="默认">
          <数据库类型>MySQL</数据库类型>
          <连接信息>
            <IP>127.0.0.1</IP>
            <用户名>root</用户名>
            <密码>root</密码>
            <数据库名>sd_mis</数据库名>
          </连接信息>
        </连接>
      ]]>
    </Demo>
  </Type>
  <Type name ="SQLite">
    <DBTypeCode>SQLite</DBTypeCode>
    <ProviderName>System.Data.SQLite</ProviderName>
    <ConnectionStringFormat>
      <![CDATA[Data Source={0};]]>
    </ConnectionStringFormat>
    <ConnectionStringParams>
      <Param>文件名</Param>
    </ConnectionStringParams>
    <Demo>
      <![CDATA[
        <连接 name="默认">
          <数据库类型>SQLite</数据库类型>
          <连接信息>
            <文件名>D:\main.db</文件名>
          </连接信息>
        </连接>
      ]]>
    </Demo>
  </Type>
</数据库类型定义>