﻿<?xml version="1.0" encoding="utf-8" ?>
<log4net>
  <root>
    <!-- OFF, FATAL, ERROR, WARN, INFO, DEBUG, ALL -->
    <level value="INFO" />
    <appender-ref ref="LogFileAppender" />
  </root>
  <appender name="LogFileAppender" type="log4net.Appender.RollingFileAppender" >
    <file value="Log\log.log" />
    <appendToFile value="true" />
    <rollingStyle value="Size" />
    <maximumFileSize value="200KB" />
    <maxSizeRollBackups value="10" />
    <layout type="log4net.Layout.PatternLayout">
      <param name="ConversionPattern" value="【%d】【%-5p】 %m%n%n" />
    </layout>
  </appender>
</log4net>